id,first_name,last_name
2,Frank,Valcone
3,Ben,Malone
4,Ray,Gilliam
5,Jim,Kaye
6,Pete,Becker
7,Chick,Corea
8,Ken,Norman
9,Ray,Powell
10,Frank,Gifford
11,Miles,Dave
12,Chuck,Jones
13,Graham,Anders
14,Kerry,Vittles
15,Cliff,Burton
16,Wes,Demnondred
17,Carl,Mingus
18,Ran,Welicki
19,Pat,Metheny
20,Carl,Hook
21,Dan,Jones
22,Conway,Sheehan
23,Jim,Patitucci
24,Ken,Deal
25,Leland,Sklar
26,Randy,Wisniewski)
27,John,Entwistle
28,Justin,Chancellor
29,Al,Wozniak
30,PHI,Baker
31,Marcus,Duran
32,Danny,Carey
33,Caleb,Mills
34,Nick ,Mcbain
35,Dave,Murray
36,Paul,DAmour
37,Jabari,Fountain
38,Joel,Deboezart
39,Adam,Jones
40,Delionel,Smith
41,Adrian,Smith