player_id,team_id,transaction_type
54eb6f9f-93de-4202-b8ee-d92ee6509da5,AL,SEED
ea935053-700c-4ac7-9f4b-ae52263e7c1c,AL,SEED
eec2577c-d938-45a4-961f-9f1a418bee8a,AL,SEED
8352df76-5ccd-48b9-a6f1-7fc2d72260aa,AL,SEED
c2579041-0323-4464-b1ef-c61c049276b0,AL,SEED
2f387cfc-e63a-4a3c-a4ec-b7f4d60f8d90,AL,SEED
d3635f4d-b0d3-45bd-a388-abd3e6905b61,AL,SEED
bc89537d-1e11-4f56-bad5-bbd7332b210e,AL,SEED
16d4be53-04a8-45c3-9fc8-02dca658957e,AL,SEED
34d14b25-8643-4f82-a922-7409a6575155,AL,SEED
1d286036-35cd-481d-807b-6e9538b09b33,AL,SEED
330eb324-3382-4fca-b20e-2b4c7e278047,ATL,SEED
ae397349-c62a-49f2-a0a5-d133bd7a8418,ATL,SEED
34bddf7f-0ec8-4478-83b0-74325b07c148,ATL,SEED
1af33366-2b62-4f72-bb06-7c139e4e7c2c,ATL,SEED
1d6bb3d1-a588-4610-8e51-00d18df3ee9d,ATL,SEED
e4b6bf83-7a4a-4d04-a1d6-ddff6655c415,ATL,SEED
ddcadc5f-7ccd-4145-9e4d-3c19d2553cbb,ATL,SEED
82b5c6a5-9bdb-4006-b5d0-b7408de8ed0b,ATL,SEED
26743986-f7cd-4f5b-8056-b05cf3cb8a21,ATL,SEED
783915f4-f803-4012-ae5b-6d9ac264982b,ATL,SEED
c4e146e8-4ad6-4044-8356-1a157b22c8a0,BRK,SEED
d067b542-b804-45fa-9a16-65cd25bb27ef,BRK,SEED
e6d49a38-cf06-4488-b9e4-91004e3fe301,BRK,SEED
9e79f2c2-52f5-4d9c-8ab5-d09d0ffeed23,BRK,SEED
aba34bfd-201e-48fc-ba3a-a5cdd00176a5,BRK,SEED
77a1eb51-5f6f-4ddb-83bf-d9bdf5440972,BRK,SEED
961923b0-139a-4ec1-9156-8189e4460e77,BRK,SEED
a21b58f9-1b86-4781-bf1b-a06876cda5d9,BRK,SEED
8e28d14c-9c33-4907-819d-be4003db8818,BRK,SEED
868574b9-293b-474a-a5c0-d432e7029bd0,BRK,SEED
afff01a2-f8b7-43d8-bf90-ce26dd8a7210,BRK,SEED
ca7f7718-f46f-4d79-aac8-7e2c283e127c,BOS,SEED
c65a1d64-32f5-4495-8abf-d62401a99ab4,BOS,SEED
0391753e-a31a-49ac-816a-ff474ab55323,BOS,SEED
59373756-ba9a-458d-85ed-c12ea4c1f71d,BOS,SEED
7e484d6d-213c-4fc9-88b9-5a20482578ba,BOS,SEED
08d3ec9a-3d61-483f-9bc1-942196927247,BOS,SEED
a5c9c4fe-0285-4673-bce2-8652c68ea74b,BOS,SEED
78cdbd17-abec-48c2-a5e3-1d72291b7f63,BOS,SEED
3fa400e2-15bf-4b0c-8119-ee9db747c1cd,BOS,SEED
9d83a12a-0cd0-4d2c-baa7-5e1e9a75208d,BOS,SEED
5869b59a-640b-4c14-b5ad-9fe7dabd6dd1,BOS,SEED
85ca7e7b-c76c-41b9-b07f-fd1d49536de3,BUF,SEED
51d2cbe9-7c1e-43b7-b88b-4fe786147339,BUF,SEED
29921482-80d4-49e1-a1f4-fe74c0efe999,BUF,SEED
65641944-f793-4ecf-9d9a-9df08633632c,BUF,SEED
e54c6d0b-dd46-4b25-9563-c48bad481b5b,BUF,SEED
edda4630-e632-4b4e-bc94-704c390f6be8,BUF,SEED
da90e97b-3c2f-4e75-9bcd-eecb3b3bbb71,BUF,SEED
84fc817c-b13c-45a1-b1ae-afe9ac7e8635,BUF,SEED
b80a9a5f-6171-4b50-9b3d-adea79b79f0e,BUF,SEED
fcec8fcb-cc15-4bce-ba75-24e9826bc9c7,BUF,SEED
329d686e-ac18-41ed-bfe9-e4e2e3ec9a73,CA,SEED
362c9eac-055b-4b69-94a0-6162792ccf26,CA,SEED
31be7e9f-e4b2-423e-9872-62fdf75fd90e,CA,SEED
49c04db7-e3eb-4d4b-866e-13f3725a0d7e,CA,SEED
b4115205-8256-43b0-9f19-76e01bf895f7,CA,SEED
a3cf5a54-5718-4a3f-9ba7-bac0133897ae,CA,SEED
47d66514-fcc7-46de-a519-d6a0981f0a75,CA,SEED
4593fbfa-3085-469e-9b30-b41174f2ffe9,CA,SEED
1bd3a7ac-3130-4d33-8e37-cb8a8fdb58a6,CA,SEED
021f38fc-2c8d-4412-bb89-8eec112ed294,CA,SEED
2fa03bb5-5b98-4030-8f9b-7bb4ae1081fe,CHI,SEED
5ac442fc-293f-4cc2-92c2-d61999e75a05,CHI,SEED
f3a30cef-a716-4663-a3bf-40ba37b7c85d,CHI,SEED
9410588a-0289-40b1-8255-f030eaeab15f,CHI,SEED
11af0c88-c714-44b3-9361-78e2948e4bfc,CHI,SEED
4accf37f-727e-485c-abd4-c1dbbfe7184e,CHI,SEED
043e4828-a140-4a22-89f8-1553dd36ce4f,CHI,SEED
9d27d298-bf0d-4eaa-812e-7813237ae33c,CHI,SEED
2d30b775-cde3-47df-b5fa-e477e8a05653,CHI,SEED
f3ff9f1e-17bc-437e-a729-edaec1cebcc3,CHI,SEED
5a69f505-f02f-435b-b697-af86d665e4c3,CHI,SEED
4ec10c6c-91c0-4c1e-91aa-66d50f5ccfe5,CLEV,SEED
33be3437-7fa1-4966-80e5-2d140172cd75,CLEV,SEED
a26d5013-9d44-4d72-b6f5-0f36ff31c405,CLEV,SEED
b181bb6e-fbf8-43da-b6e6-fd3476169947,CLEV,SEED
24b81df7-a1ff-411f-8098-1f0f7bb77ac5,CLEV,SEED
9d6e2a46-8963-4a0c-b4b0-cba5493e9782,CLEV,SEED
bd4e978c-305f-4802-92fa-56c0623c6b8b,CLEV,SEED
ec30dd31-d5c1-439d-b754-6043d65cbff6,CLEV,SEED
02cdca74-e5b2-489b-a4b2-def4c302943e,CLEV,SEED
1b7f2f92-8790-4199-aa48-3ba472067fa8,CLEV,SEED
7dd145ba-6efc-4411-8eb8-293fd75bd0cf,CONN,SEED
e8ce2601-f4d2-4087-900b-44ef8ac7f75f,CONN,SEED
32738505-f2e2-4eaf-a5cc-ad127b5b0979,CONN,SEED
f0ddd585-ccb6-4dcb-92d9-aa4bce9a93e7,CONN,SEED
a7a6dcb0-f9d6-4417-93ba-529f7a7458ec,CONN,SEED
fc6ee51a-5619-425c-8859-a98e8cbfc871,CONN,SEED
abef28d5-167d-4817-9b10-c8d02bdfb2ab,CONN,SEED
30fc7181-0fb6-45ac-b8c9-cf657b188568,CONN,SEED
12cc87e0-9c75-42a3-a8dc-e56c40b28e2b,CONN,SEED
27e0ed25-abc8-4362-bdcd-edebec8b988b,CONN,SEED
e1b164f2-c2c5-4e91-a13e-7b6ecece3963,DAL,SEED
f36e7933-b542-4929-9bb6-3da4e570e21e,DAL,SEED
e88c61e7-f83c-4755-af36-fa7bb88d584e,DAL,SEED
9c019325-8ee6-4d44-a519-56e08da0dd43,DAL,SEED
204379f1-0066-4add-9e22-acdf525feb57,DAL,SEED
dd17f359-7aac-4cd4-ba3b-d5813243affb,DAL,SEED
daa37d9d-6c15-46c2-8faf-99ad98c97a39,DAL,SEED
ac26d188-1db0-4505-9e45-e4bc68e37e91,DAL,SEED
0c94fab2-15f1-40a3-8834-ad0ae8a6c5dd,DAL,SEED
c8ec9b64-4df2-466d-acf5-3cc383f278d4,DAL,SEED
a400987d-bc34-4c1f-a10f-80725e81bb5d,DAL,SEED
6d569e94-a3e8-4aa3-97f4-008483186159,DEN,SEED
2307aa49-4cb7-44d3-8b09-1ef98ea9341c,DEN,SEED
cba2f664-46ec-4ce4-b382-da237d2595b0,DEN,SEED
996ee94c-67b5-4447-845b-bc3df893d280,DEN,SEED
f5c9a1fb-0a04-45d6-bfc4-b246fec26ea3,DEN,SEED
d58bbbb3-133e-444b-913b-1ee5a2bbddaa,DEN,SEED
0838c36a-e96f-48ea-8e0e-92adcc3a8907,DEN,SEED
218223dd-28d9-46b2-ae7f-326ef7b7e1a4,DEN,SEED
f7bfa8f2-676a-4539-a446-e6fffa86e043,DEN,SEED
b15d229d-e427-4c0d-8587-d849530bdf4c,DEN,SEED
eef5c863-32e5-4c23-80aa-3aafa2e58d89,HOU,SEED
cf49f57f-1564-4e6b-a994-830ced9138a9,HOU,SEED
25d3add6-c915-4770-be32-ca4a114b76d7,HOU,SEED
aab71b8b-3413-4f50-8bec-240942bab1a0,HOU,SEED
6d1267af-1c26-4a41-b90e-5012883055b7,HOU,SEED
4b877e41-731f-4931-b0d7-d026716d6797,HOU,SEED
fdaf1dd7-0d3d-4e31-8e2a-cdf8db26854e,HOU,SEED
b116d107-50c3-46da-9d88-1d5dac50982a,HOU,SEED
781358bd-30eb-4a48-bdbf-ee2f9c566ae2,HOU,SEED
bfe5b653-1728-400c-bb16-b2db5a26d206,HOU,SEED
56583ce1-7b57-4080-b22b-d63acc2e1526,HOU,SEED
ec32e741-f07f-4c00-9ac7-a4b86a1c657f,HOU,SEED
5f1b245d-b950-41b5-a092-6c1b93f6942a,IND,SEED
353339e9-fd24-4b61-ab5c-cac6b309dbfc,IND,SEED
df931cb1-76e1-4f7d-ab84-2bd90e3aa79e,IND,SEED
3010654a-82a0-4906-867c-b8bfc5748a3f,IND,SEED
d0a7a8a2-25ab-491a-b772-aa346c663f08,IND,SEED
7c5fafa9-3b2d-45dc-8e96-e6e438b6a4e3,IND,SEED
475618b3-d50f-4ebf-bbd3-4d341047ef47,IND,SEED
46d7c2fd-fb55-4b53-b351-be4da5482b2b,IND,SEED
fb23c64c-5caf-4924-8774-47add295cff2,IND,SEED
e63a27f2-e20c-498c-ad15-6a6c95607d4e,IND,SEED
cc11a509-e139-4e31-bf9a-7f47b3570543,IND,SEED
b1cb3f29-2d0d-4123-98c4-34e6993d1e60,JACK,SEED
bcb3cff6-3452-48cb-a3a2-d142a4e94e0c,JACK,SEED
e9b08429-6808-4088-9b87-e7a5e3a1bed1,JACK,SEED
bfe2e503-6879-40e5-b452-d70ffba6d727,JACK,SEED
f6a886df-1f24-414b-be8a-2948e560be1c,JACK,SEED
7688f566-8db5-4bbc-85e8-fcc8425fb487,JACK,SEED
6c8b1e2c-547b-4251-b8e8-2743454eed07,JACK,SEED
920748c6-543c-4144-bbbc-ebf18450bd85,JACK,SEED
60f430a5-17d7-4f86-ae3c-f1478258a0c0,JACK,SEED
0e22a53f-b724-4ca4-b953-711ca4288a41,JACK,SEED
755a2bde-38e2-46ea-b315-811551dec29c,JACK,SEED
8d4c7630-6dae-4155-a053-99181b4ff35e,KC,SEED
621a0393-8c66-4df3-9509-027788e0076d,KC,SEED
a29d5c15-a0df-4a0d-85d8-c2dea5a49370,KC,SEED
5e1f9f74-753b-438f-ba81-b25a2b18751c,KC,SEED
f8cb53bd-9b59-4b0b-956c-035bf2cb4997,KC,SEED
c47737b0-43ce-4454-b4e9-9a0b16c7d4c6,KC,SEED
4182ad4f-797c-4a48-823d-72d6d4eec1a6,KC,SEED
219c37b2-e3ed-4052-b2e0-3e671771602c,KC,SEED
3d3b3978-5d45-4b79-8d0d-1a83f1eb8ba4,KC,SEED
0ced4f4b-c4b5-4cd8-b96d-2d26979044eb,KC,SEED
44fb86ab-81a7-426f-931f-dba6dd27323e,LA,SEED
c778ee80-6276-40ad-abff-ca8eeb7153c3,LA,SEED
ebc3579d-f703-4faa-a6a4-f803e0c5696d,LA,SEED
bbb2c0fb-9854-4af0-86d0-4ea2790806bd,LA,SEED
e27e82d2-59f6-4070-acf8-60c21cd1bf1b,LA,SEED
c5122641-37ae-4ee7-bebc-18ec1a8cdab7,LA,SEED
2335e8d1-6c6d-4073-9c9d-804da452eb77,LA,SEED
5384b3c2-f54f-4afd-8f65-94f40bf778bb,LA,SEED
08bf08fa-e545-4571-b8d3-bddbcad3fa28,LA,SEED
4cf6a273-427d-4df5-8a13-c4a70b232508,LA,SEED
b76dfef5-e59c-4a12-a89b-fe91489ccc5d,LA,SEED
2662f017-7b2c-4758-8afb-fbe6e6ce2f65,MI,SEED
261b4872-e741-4322-ab55-2a4ce2c08e3f,MI,SEED
89c1cce2-55a6-4ed6-99de-2efbf565f462,MI,SEED
db053c9c-cab9-4da6-9259-3c090c3c2e0d,MI,SEED
a0d79c0c-d82d-4b18-9348-b8f2bae0aa2a,MI,SEED
d1c6cf56-b0f9-43a0-be8d-d791b10ab1cf,MI,SEED
98b8f949-e615-48af-b3bc-912b83bb0f0c,MI,SEED
f4057589-0824-4a6d-ba42-ea3233f46a20,MI,SEED
4217652f-e6cd-41f2-ac62-7eb475ef2843,MI,SEED
22aede15-071e-4310-8ff8-3d594c8a6142,MI,SEED
5d823bc2-db08-4372-80a9-9cd4a2b08aba,MIA,SEED
e5fc2507-6c98-45fe-a244-d229ba089667,MIA,SEED
5d7aac7a-b9c7-4b47-8b97-ae2b7af9af62,MIA,SEED
ab61a36a-e0fd-4293-88a2-751e31742add,MIA,SEED
05d8b921-9c12-42e4-8689-2dbb822f6641,MIA,SEED
e8f121de-f31f-4376-9d2a-a8cb412cddbe,MIA,SEED
4cd800fb-6cb4-41c2-9471-fa24a990ac3b,MIA,SEED
15571acb-8048-4fba-b084-b61918a6ddf3,MIA,SEED
099ed9b0-c122-4647-b919-00fc2ef61bc3,MIA,SEED
50ecbee8-3a99-470d-85fb-5e7114a8af8e,MIA,SEED
612f83c7-341a-46ce-840f-0754b1cd8b8c,MIL,SEED
dec497ce-87d1-41f4-b83d-dcbde3bb675e,MIL,SEED
53576e4a-915f-4d5e-a62c-ae0e1147354e,MIL,SEED
4b354d82-96e2-42eb-ba77-1fcbfa3bd048,MIL,SEED
f081132d-32f4-4a14-a78d-14b84483e19b,MIL,SEED
27acf4e3-8c7e-4894-82b9-b6aa86902625,MIL,SEED
a819db95-7242-4bab-9db8-39c5c0c24362,MIL,SEED
dac72ae9-510f-4a33-afc4-7d2404938dcc,MIL,SEED
5714bcf7-c816-41d8-a44f-c6d81f019c9f,MIL,SEED
d2b9211e-25f8-41b4-a338-a4b9d6ad2442,MIL,SEED
ffec217b-2e22-4233-935a-60517bf210e4,MIL,SEED
559296e8-303f-45bc-b397-37926eebaf55,MIN,SEED
570582fd-9416-43e0-aee1-a9874167c5f2,MIN,SEED
ca2cbc23-1e22-4ad3-8978-ee692b200ddd,MIN,SEED
e0c57c72-b2e4-4b65-9e6f-d09301baf675,MIN,SEED
dd0f36b4-a42c-4bf9-9ac0-0194eff057b2,MIN,SEED
7f33d03f-d6d6-41c5-8338-9203cdfb32c6,MIN,SEED
f06d82e8-37e8-406a-90c8-3fdcdbbaef63,MIN,SEED
4a491bd7-9cc0-40e2-90da-18a64cbae634,MIN,SEED
ab67dac0-8487-4ece-a6b3-2b1252298fac,MIN,SEED
533ae6bc-6424-4d24-8f08-91d39e1d084c,MIN,SEED
674e6c59-0328-4c1c-b698-0ab83125dbda,NC,SEED
e3d0cb08-a1fc-42a6-97a8-06632226d7a2,NC,SEED
864cfbdd-6c09-4f70-abe3-7745cc1d544b,NC,SEED
4d2123cc-0319-4ce5-a590-f5dbc7540794,NC,SEED
1523c2c6-efa3-4145-ac5e-f45ef2ff43e0,NC,SEED
b33fc3e3-6dfc-4ad0-a3b4-f16ba2fc0e46,NC,SEED
0e48b64c-4180-401a-8222-dece7da35d86,NC,SEED
2d4ae749-b2a0-4eb2-8ec8-af6c5a1f8082,NC,SEED
6e18ce18-e649-4045-8451-3665fe62c20f,NC,SEED
9fd88de9-c1c1-4276-8ebf-9986e317c476,NC,SEED
01d7e77b-46ad-4901-9863-07a9904f7726,NOLA,SEED
7e01ecb0-2fd2-4c1a-85eb-66dfe0405323,NOLA,SEED
fd5e8694-7ff3-434f-abc6-fec56511a64a,NOLA,SEED
20d4a9cd-5c44-4284-881b-c00cefdafc13,NOLA,SEED
21eba14e-7ae5-4bdc-9df3-695355a341d0,NOLA,SEED
f27a4f82-1a26-46d0-9372-84ac42dc6280,NOLA,SEED
e01a3786-dea0-4b6a-a29d-7e9aa8fdf7fa,NOLA,SEED
07628dc2-cbe7-4712-8086-c3e2e2654e5c,NOLA,SEED
c0513242-b88a-4796-8b04-d8aa3c6c28de,NOLA,SEED
c4b2943c-9df7-48f0-93de-ddf4b9c6de71,NOLA,SEED
70dae722-5356-44b1-9b2f-caeb0226d961,NOLA,SEED
75b00d12-39ed-4224-9db0-b9efde829e67,LV,SEED
91186e61-6936-4011-9ade-9595204b0fea,LV,SEED
6fa236ce-999d-4410-9b19-103a98c7cfd9,LV,SEED
7f82c40a-5ab6-4b85-8d96-58dac9ef5198,LV,SEED
72f7acae-98ab-46bc-bbd3-688d4260ea66,LV,SEED
bec1aa76-25ae-48a9-b6ef-fdfe603417cc,LV,SEED
17fec7f9-2ccf-47d5-8735-6f8422001112,LV,SEED
097f8306-d355-4611-8567-2d78993d8be5,LV,SEED
c6fb7e57-de30-49ed-ab7a-bdb9aa8dadef,LV,SEED
409175a9-e1d0-46eb-9ae3-ae9a40d15ee5,LV,SEED
365155c8-cdc6-44f6-98d2-ebe3ad419b08,NY,SEED
95c9871b-ea96-4430-ac22-ffb8d1c47390,NY,SEED
e300340c-0501-43ce-83a1-1dd5f1451887,NY,SEED
9aa521fb-b6f5-4ab3-8d0d-5445a6aee452,NY,SEED
7a9ae1c9-543a-45da-8120-386aad3b40c1,NY,SEED
a3cafa3d-d1e4-4194-b74d-bad1695fa05f,NY,SEED
ee0a6fb0-f2fd-48e6-ae21-9bed301b4e82,NY,SEED
80e99238-375b-4630-9286-d60adbf1735c,NY,SEED
9b923fd8-1503-4ccc-b389-29edcd9b0100,NY,SEED
9b537795-01ef-4856-ace4-892dead03d88,OKL,SEED
f17362f1-daf9-4e8e-8d42-fb56746df016,OKL,SEED
794003fd-83e9-4e19-8280-20d57211c06c,OKL,SEED
e9bd4ecb-9a6a-42ad-966c-2bcc489b27f5,OKL,SEED
5b4592b8-706c-42fa-87ed-474aea72da2b,OKL,SEED
d25fe5a8-f44a-4592-af49-15823d16a8a6,OKL,SEED
687062a0-1fcc-49ef-b00c-4d4bd6a4a8a9,OKL,SEED
e11f9cad-44cd-4c8e-8971-aee9800fdf5c,OKL,SEED
fc29921c-9a11-4d5e-b375-c39148808520,OKL,SEED
f42057ea-fb14-45fd-987b-1002323dfaa4,OKL,SEED
7d12675c-0d1d-4e7e-9b17-ee11d9848a9c,OKL,SEED
9928cb0b-979b-4acf-9578-1bf958d77948,PHI,SEED
4ddf484f-3a1c-4c3b-852b-cf441e14ba6e,PHI,SEED
3cf6a966-6ccb-4907-8744-b1fac7db5d30,PHI,SEED
cf57a603-8822-4757-8d67-e3e39ac0d359,PHI,SEED
1133e8a3-0d5e-4c6a-8524-b39a946339aa,PHI,SEED
884ec3c9-10a8-472b-8d10-7d719a095868,PHI,SEED
2f5c9133-b719-4cfb-9593-056cfdaba463,PHI,SEED
f3ac2fa0-b134-42c7-851c-0ae086fc6500,PHI,SEED
f8ff4631-97f0-44f2-81c3-04d9b2472688,PHI,SEED
09a87f7f-e717-4462-b4ec-b597030dc06e,PHI,SEED
378d047f-86ac-4434-889e-13c43966d10b,PHO,SEED
54c7eb73-9fef-482c-b016-12d47650ed5f,PHO,SEED
16a2ef6e-38a9-4334-b9a7-ad17316d191c,PHO,SEED
44685389-6b29-4d7d-8e69-e75b7c76f619,PHO,SEED
90e5bef9-1f15-4403-b86a-2cf8c67feb1c,PHO,SEED
e41c002c-11e4-4221-a7d2-300715120a11,PHO,SEED
8df8b591-824a-4c7f-a5a3-cff8d979e305,PHO,SEED
23325946-2de9-4b37-885b-071bbffb7821,PHO,SEED
163f5351-cced-4bda-b0aa-c30e6e33e10d,PHO,SEED
b245aa53-6839-4332-b1c8-1be82f9e3ab2,PHO,SEED
9366a838-9b3a-4458-a08d-99f6cbb562b5,PHO,SEED
b64d6ddc-ce84-4fc4-af03-eff2c1fc4f32,PIT,SEED
908a30bb-417f-45b7-ae52-382907717bc5,PIT,SEED
6db13a2e-1cf4-4a63-8fd8-568afd1de3f8,PIT,SEED
e7099fc8-2278-4d7f-9995-276476811957,PIT,SEED
31f857be-8f3c-4a03-bbf3-e0c9c1bdc10e,PIT,SEED
87d5217e-c8d3-4106-974a-a0f30422313a,PIT,SEED
5d1a2e00-9e15-4403-8c76-b7fbfc79b296,PIT,SEED
0a57f692-d626-4b2d-b435-c607a19a4b8c,PIT,SEED
5b6c9138-e419-42a5-8841-f6e4b05fdba7,PIT,SEED
357d8166-242c-465a-952d-e4ecde544dea,PIT,SEED
efa0b600-8e5a-4547-9a39-5887db10df73,PIT,SEED
8bbbe23f-f4ed-413d-b11a-7e3806cbb0f6,POR,SEED
b25712e7-f8ef-4af6-95d7-20554f433e5f,POR,SEED
c5a61d77-39c2-4eb8-9b48-ee12b8721667,POR,SEED
bc4dcd89-43a1-4871-8bfb-7b301aa3a696,POR,SEED
7084042c-01e2-4e61-af4b-c713169a07b5,POR,SEED
a5021ca4-8c6a-4406-aa70-2710fc3dec8c,POR,SEED
6e7b3931-f3ab-41cb-9281-8ed44e7c9270,POR,SEED
756128a3-6a1e-43eb-8ca7-fa182777c756,POR,SEED
1ad24806-9f0a-4023-a839-a7f5e03f49fb,POR,SEED
85924ed5-7feb-4200-a61e-33dbcfce9092,POR,SEED
167a4664-295a-4e14-8c13-cd4f9391615e,POR,SEED
f0c1c226-f294-4d3c-a752-9aa420c7b7fc,SA,SEED
d223d8f2-c653-4a27-bc69-f2352358b71a,SA,SEED
c84b559e-29ee-4d5d-ac1d-143cbd44b7a6,SA,SEED
6a137d82-006c-4014-b978-77a855ef4ea5,SA,SEED
3decfcc2-8662-42c6-bb6b-66c665199740,SA,SEED
893794ce-9fac-404e-9b33-bfd77e14aaaf,SA,SEED
e4199d9e-3152-426b-925e-9ed9cfd01d10,SA,SEED
79ccc7a3-3084-4e0d-8fab-728b6c253504,SA,SEED
0e686b5b-5ec9-43e3-ad7f-f32bc38f1818,SA,SEED
4d4abf6d-c113-45c8-b6e2-4c7ca4565fbb,SA,SEED
9420346a-6e75-4719-b1bc-576a59662d9f,SD,SEED
fc72bcd3-bf65-43d2-b0e3-4e0c366eab03,SD,SEED
1d82043a-5fc4-40cf-b69c-94e0a0b3814a,SD,SEED
ae341679-c24f-459a-bfb7-49de03f85ca2,SD,SEED
822635f1-e8cd-4438-880c-464db8ffc12a,SD,SEED
d349b7c0-7cd1-4198-8cc9-842e0c160219,SD,SEED
66a2bb4b-9cfd-444a-b9c1-b76997283e7d,SD,SEED
33330b6d-50e6-47ec-8847-c6dd7d01d3ec,SD,SEED
d385c19f-651a-4a06-ae8c-2a81e4073702,SD,SEED
2fb8c2d4-440a-4de4-b5ce-3648d3e32276,SD,SEED
98864ae5-01c0-4b4b-8b8a-e9f019801e90,SEA,SEED
3fdd3b02-f6e9-4c7f-84d7-78d3f13adc0a,SEA,SEED
f172e766-3210-45ce-919d-6de4beea9125,SEA,SEED
ed7f39c1-9e57-42f9-9b27-83d5533fb75f,SEA,SEED
0a262d5e-363d-4620-8e09-a59230b8f5dd,SEA,SEED
994b66a2-b12f-4482-8d83-240fb67824fd,SEA,SEED
687726be-69b5-4ed0-ae59-383c70b9c5cf,SEA,SEED
e9491739-953a-41e7-8075-26a83f2933f9,SEA,SEED
26a3e245-538a-4efc-88d0-c465dba310d7,SEA,SEED
23d0ecd8-8084-4c42-a97c-e75bf58766f2,SEA,SEED
f4e41c5f-cff7-421a-971f-3cac121a6f25,SEA,SEED
264a6dbb-f602-439c-8828-c19ea290adef,SF,SEED
8815c42d-ef2a-425b-ae6e-61f60e1f1348,SF,SEED
55122190-4529-4136-bb59-4e4b80593e66,SF,SEED
6f849ccd-2466-411c-a93e-f4098a596d80,SF,SEED
4edc9134-aead-4139-84bc-1306881a4e9d,SF,SEED
0179d949-9feb-49be-a6dd-3aa407bbb546,SF,SEED
5999e653-b03a-460d-a077-1c94066f1304,SF,SEED
7bd075c6-b284-4afd-ad84-7bd74242dc1f,SF,SEED
f7dcfd88-4e9b-4204-adbb-4e057428db58,SF,SEED
3e1b7b2f-baeb-4afa-9b8b-05ff47b55afc,SF,SEED
7dd520ed-e71a-4f23-834a-92fb9f25857a,SF,SEED
ed1c8952-8ae3-47f4-aae3-496507d2a93e,STL,SEED
a181d094-c619-4bef-b04b-27ad0a116ffd,STL,SEED
dde0b260-5d91-43c1-ba79-0e953f0568aa,STL,SEED
9b2a36ae-567b-4dda-b9d9-a430d7fa0fe3,STL,SEED
04f8f4d2-d385-49a3-a7a6-912abb3f66f9,STL,SEED
b62cf415-4e77-420c-a667-31c2be8b9898,STL,SEED
a2966249-5774-45bc-952d-93d4faa1e77a,STL,SEED
9309db01-d9ed-45c1-93db-993977f162c7,STL,SEED
5da1610e-653b-450a-9860-d597d0e53501,STL,SEED
d8aed78f-da36-4db4-8cd7-c874def57848,STL,SEED
efc7db29-100d-48dc-8ff3-484308163c58,TENN,SEED
e7261f42-8b38-421c-a228-c73de8a063cd,TENN,SEED
76fe0224-5746-45ee-9c83-f29e2f652b07,TENN,SEED
e5916a55-00fd-44c2-83dc-54eb9baad84d,TENN,SEED
86503a6a-ccf7-4ae4-b3d6-7e7c2a3782f2,TENN,SEED
800519ae-af17-44b7-8d40-019790f1c41e,TENN,SEED
3f73243b-d326-4793-9f95-e33f4bbcfd6d,TENN,SEED
809af0c7-e449-4df1-abce-69f2abfe2aa9,TENN,SEED
9c426027-cdc9-4ebd-8430-8869f3434a77,TENN,SEED
238fa31c-5df4-4ccf-86e8-1383cdb2936e,TENN,SEED
2832109b-5a65-4b32-9234-a89cbb36dd30,TENN,SEED
1fe1892a-ef98-4563-982b-425fe6b4fb62,TOR,SEED
4149df77-1751-40de-85fe-b2e8efaf8106,TOR,SEED
483b6d1f-64f6-4f6a-bbe7-88829fe26547,TOR,SEED
36357377-4c82-4311-8219-c417483bfa22,TOR,SEED
4498d805-0991-4c99-920a-a663fad248bd,TOR,SEED
443d3087-beda-49d2-968f-fa9421acc01d,TOR,SEED
0e31ba91-b439-4bfd-a329-353d0349fcf9,TOR,SEED
033f07cc-4825-427f-9ff9-0dcba066af1b,TOR,SEED
e3df8632-a9c5-45d3-b203-1a011c293296,TOR,SEED
6c090b45-adf1-42ca-9785-97c9442b88e2,TOR,SEED
16d96fb3-c4ca-4055-a802-dabce173bdcb,TOR,SEED
9ed34ff2-418b-4ded-ba08-22e74542da6f,UT,SEED
ddf713fe-d222-478a-9897-d2923fa0f0e6,UT,SEED
4a638872-62db-4168-a57f-04d60c71f6c7,UT,SEED
89cab2ff-c84b-4326-a456-0a2e5f2b60d1,UT,SEED
9d708632-b8af-4b24-b7df-5416eaea4b44,UT,SEED
2fbdb5a4-aca5-4226-8dd8-c2b5fe178999,UT,SEED
3ab2afa2-c0aa-42b7-b3f2-c3a7af72506d,UT,SEED
8508f07e-2584-416b-b28c-e7a6af848f77,UT,SEED
df055c32-16eb-49ee-be62-1f147950fe63,UT,SEED
464bce8d-4157-4853-a6f5-a6fa5a4808e3,UT,SEED
1c46e3ab-e45f-426f-826e-1e57801b73b2,UT,SEED
f5b82fef-7ae3-4931-a2b4-879320ec6731,VAN,SEED
c808f894-4b05-4451-8e1f-77d078bbc491,VAN,SEED
46ac4d78-9aab-452c-b744-8eff5ec471e4,VAN,SEED
f227f9f9-1c1a-48bd-9a3c-b871b3f46fac,VAN,SEED
64c3267b-a22e-4c25-8bb0-3927b06fe441,VAN,SEED
c6a99463-222c-49cc-b39c-cdc6f6c8ec5c,VAN,SEED
d850a3e2-c8b4-421c-84f0-4dabb0b0780a,VAN,SEED
7f9c3816-3f02-4ea6-b5cf-cbd19a0fcc46,VAN,SEED
8128d851-6676-4f88-8166-5e495605c360,VAN,SEED
ce5f4872-569e-4791-ae1f-b71b999b91af,VAN,SEED
a02181fb-ae35-435b-8164-59b94dcec25a,VAN,SEED
99c99d44-a83c-47e5-8610-78854a1d4e06,VA,SEED
f6fe2bc3-4d87-40eb-a74c-fef56d91fe46,VA,SEED
d7f6a99d-8cdf-4d18-95ac-342291066136,VA,SEED
08f6ddd0-a300-4ca6-a583-bd93e77ad389,VA,SEED
2e531c63-1c71-49d8-bbe9-88242ec0938a,VA,SEED
9fb10cf3-4da5-489f-bb34-571ff7163935,VA,SEED
690522be-fc77-4ccc-9f58-9596a7140fc2,VA,SEED
577414f2-8974-4110-a05d-382fc1de8a6e,VA,SEED
120951bd-041a-49d6-a484-cd4ab89541cf,VA,SEED
13a9878c-734e-4d9c-8cbb-e4da1a28acd8,VA,SEED
6b6457a5-f999-4675-8899-bddc03e9ddd2,VA,SEED
afab7a56-6c7a-46e0-9351-f26b98beead9,WASH,SEED
24247196-0e4e-4adc-90c0-5dc3bd34fadb,WASH,SEED
ac901bc8-198e-45f8-b104-3375a2ea72d8,WASH,SEED
5244b14c-f1c2-4b77-b1a2-61b037deb391,WASH,SEED
ce039e6a-ebbd-42f9-8290-bf340233fbdf,WASH,SEED
9f787cc1-8947-4dda-be7a-22c1157e3500,WASH,SEED
b930d146-c5fb-409f-b667-51ded0d97300,WASH,SEED
346cb1c8-9be7-4138-b613-743a7af78330,WASH,SEED
c2421244-9714-4b0d-8c05-a4dc4a1818e0,WASH,SEED
a527f550-f808-4c82-816b-e13119f71ba7,WASH,SEED
